<?xml version="1.0" encoding="UTF-8"?>
<project-private xmlns="http://www.netbeans.org/ns/project-private/1">
    <editor-bookmarks xmlns="http://www.netbeans.org/ns/editor-bookmarks/2" lastBookmarkId="0"/>
    <open-files xmlns="http://www.netbeans.org/ns/projectui-open-files/2">
        <group>
            <file>file:/C:/Users/Luisa/Desktop/Cursos%20Java/Otros%20Cursos%20Java/Aplicacion/src/Formulario/Formulario_Combox.java</file>
            <file>file:/C:/Users/Luisa/Desktop/Cursos%20Java/Otros%20Cursos%20Java/Aplicacion/src/Metodos/Pool.java</file>
            <file>file:/C:/Users/Luisa/Desktop/Cursos%20Java/Otros%20Cursos%20Java/Aplicacion/src/Metodos/Cargar_Combobox.java</file>
        </group>
    </open-files>
</project-private>
